{"cameraMode":{"drawMode":0,"name":"Shaded","section":"Shading Mode"},"sceneLighting":true,"audioPlay":false,"sceneViewState":{"showFog":true,"showMaterialUpdate":false,"showSkybox":true,"showFlares":true,"showImageEffects":true,"showParticleSystems":true},"in2DMode":false,"pivot":{"x":2.447521209716797,"y":3.5424575805664064,"z":22.11141014099121},"rotation":{"x":0.2954561412334442,"y":-0.6333954930305481,"z":0.2854079604148865,"w":0.6558460593223572},"size":78.81822204589844,"orthographic":false}