{"cameraMode":{"drawMode":0,"name":"Shaded","section":"Shading Mode"},"sceneLighting":true,"audioPlay":false,"sceneViewState":{"showFog":true,"showMaterialUpdate":false,"showSkybox":true,"showFlares":true,"showImageEffects":true,"showParticleSystems":true},"in2DMode":false,"pivot":{"x":7.0156402587890629,"y":7.975246429443359,"z":-14.381614685058594},"rotation":{"x":0.37836331129074099,"y":-0.45598092675209048,"z":0.22327598929405213,"w":0.7741133570671082},"size":35.053672790527347,"orthographic":false}